-- Initial Configuration
USE DevDB;
GO
SET QUOTED_IDENTIFIER ON;
GO
SET ANSI_NULLS ON
GO

-- Seed Users
INSERT INTO AspNetUsers (Id, UserName, FirstName, LastName, PasswordHash, AccountType, EmailConfirmed, PhoneNumberConfirmed, TwoFactorEnabled, LockoutEnabled, AccessFailedCount)
VALUES
	(1, 'asecor', 'Alex', 'Secor', 'asecor', 'admin', 0, 0, 0, 0, 0),
	(2, 'ngittings', 'Nicholas', 'Gittings', 'ngittings', 'admin', 0, 0, 0, 0, 0),
	(3, 'tshaw', 'Thomas', 'Shaw', 'tshaw', 'admin', 0, 0, 0, 0, 0),
	(4, 'xmo', 'Xiafang', 'Mo', 'xmo', 'admin', 0, 0, 0, 0, 0),
	(5, 'spatel', 'Saurin', 'Patel', 'spatel', 'admin', 0, 0, 0, 0, 0),
	(6, 'admin1', 'Test', 'Admin', 'admin1', 'admin', 0, 0, 0, 0, 0),
	(7, 'user1', 'Test', 'User', 'user1', 'user', 0, 0, 0, 0, 0),
	(8, 'Kaile', 'Lerigo', 'klerigo7', '2q1c30kA', 'user', 0, 0, 0, 0, 0),
	(9, 'Dedie', 'Forty', 'dforty8', 'Qx56wJW6mIxy', 'user', 0, 0, 0, 0, 0),
	(10, 'Viva', 'Ledrun', 'vledrun9', 'meIwOj', 'admin', 0, 0, 0, 0, 0),
	(11, 'Harwilll', 'Shorter', 'hshortera', '4etakLQ395y', 'admin', 0, 0, 0, 0, 0),
	(12, 'Ferguson', 'Gelder', 'fgelderb', 'K15NygH', 'admin', 0, 0, 0, 0, 0),
	(13, 'Laurianne', 'Stowell', 'lstowellc', 'vU9BzFG5ebq', 'user', 0, 0, 0, 0, 0),
	(14, 'Brody', 'Truswell', 'btruswelld', 'm06YW2V', 'admin', 0, 0, 0, 0, 0),
	(15, 'Konstantin', 'Gosnay', 'kgosnaye', 'lhfbrMOdRDf', 'admin', 0, 0, 0, 0, 0),
	(16, 'Benton', 'Turfus', 'bturfusf', 'rOwE7gALxF', 'user', 0, 0, 0, 0, 0),
	(17, 'Marline', 'Sorbie', 'msorbieg', 'OEXgQu', 'admin', 0, 0, 0, 0, 0),
	(18, 'Hyacinthie', 'Foxcroft', 'hfoxcrofth', 'AkuzZG8VQ', 'admin', 0, 0, 0, 0, 0),
	(19, 'Yurik', 'Arghent', 'yarghenti', 'MNePEf3y', 'admin', 0, 0, 0, 0, 0),
	(20, 'Marten', 'Gainseford', 'mgainsefordj', 'Sp4qPCfnT', 'admin', 0, 0, 0, 0, 0),
	(21, 'Ewen', 'Iacopini', 'eiacopinik', 'QNZo911CL', 'admin', 0, 0, 0, 0, 0),
	(22, 'Emmott', 'MacDermand', 'emacdermandl', 'WW7GNmb8bP3', 'user', 0, 0, 0, 0, 0),
	(23, 'Allyce', 'Kunrad', 'akunradm', 'lHp7sGy50f6', 'user', 0, 0, 0, 0, 0),
	(24, 'Devlen', 'Cadogan', 'dcadogann', '0nfE93UuzM', 'user', 0, 0, 0, 0, 0),
	(25, 'Kettie', 'Pettman', 'kpettmano', 'DiYPiTPbL', 'user', 0, 0, 0, 0, 0),
	(26, 'Odetta', 'Bevan', 'obevanp', '3NWdG3rIzZ', 'admin', 0, 0, 0, 0, 0),
	(27, 'Roma', 'Othick', 'rothickq', 'yZPDP4l2K5', 'user', 0, 0, 0, 0, 0),
	(28, 'Gerrard', 'Seward', 'gsewardr', 'b21uJHlW', 'user', 0, 0, 0, 0, 0),
	(29, 'Carmella', 'Craze', 'ccrazes', 'sy4AKiMP', 'user', 0, 0, 0, 0, 0),
	(30, 'Cherilynn', 'Dreossi', 'cdreossit', 'xnMfDKk', 'user', 0, 0, 0, 0, 0),
	(31, 'Averill', 'Kharchinski', 'akharchinskiu', 'ay03X5gtHF', 'admin', 0, 0, 0, 0, 0),
	(32, 'Ayn', 'Sawyer', 'asawyerv', 'Jk0tcB', 'admin', 0, 0, 0, 0, 0),
	(33, 'Reine', 'Joul', 'rjoulw', 'YdRc26F18tj', 'admin', 0, 0, 0, 0, 0),
	(34, 'Emelda', 'Brewood', 'ebrewoodx', 'bfrcwd', 'user', 0, 0, 0, 0, 0),
	(35, 'Wyatt', 'Pilfold', 'wpilfoldy', 'abw9fwX', 'admin', 0, 0, 0, 0, 0),
	(36, 'Farleigh', 'Rillett', 'frillettz', 'd3TeNYe', 'admin', 0, 0, 0, 0, 0),
	(37, 'Nancee', 'Jovovic', 'njovovic10', '211kgtlTqs', 'user', 0, 0, 0, 0, 0),
	(38, 'Clarissa', 'Yakolev', 'cyakolev11', 'wYhCKLkXWI', 'admin', 0, 0, 0, 0, 0),
	(39, 'Ryley', 'Train', 'rtrain12', 's04YF6lc', 'user', 0, 0, 0, 0, 0),
	(40, 'Simeon', 'Van der Merwe', 'svandermerwe13', '2zLmSEcnbh', 'user', 0, 0, 0, 0, 0),
	(41, 'Maddi', 'Lynes', 'mlynes14', 'yipuRE', 'admin', 0, 0, 0, 0, 0),
	(42, 'Camilla', 'Bartolomieu', 'cbartolomieu15', 'KzjS3neWR', 'admin', 0, 0, 0, 0, 0),
	(43, 'Phillip', 'Chicchelli', 'pchicchelli16', 'GbrS2s', 'user', 0, 0, 0, 0, 0),
	(44, 'Maurise', 'Crowter', 'mcrowter17', 'NpgLP3', 'admin', 0, 0, 0, 0, 0),
	(45, 'Rozella', 'Cumming', 'rcumming18', 'KONn4Ovfqu', 'user', 0, 0, 0, 0, 0),
	(46, 'Kinsley', 'Bowater', 'kbowater19', 'nbIm1XN9HDX', 'user', 0, 0, 0, 0, 0),
	(47, 'Uriah', 'Kubiczek', 'ukubiczek1a', 'uiOCxff4LU', 'user', 0, 0, 0, 0, 0),
	(48, 'Fraser', 'Parman', 'fparman1b', 'BTQPgUweeayD', 'admin', 0, 0, 0, 0, 0),
	(49, 'Phillida', 'Bentz', 'pbentz1c', '1T365VN', 'user', 0, 0, 0, 0, 0),
	(50, 'Sarina', 'Hopfner', 'shopfner1d', 'FPolURTOzx', 'admin', 0, 0, 0, 0, 0);
GO

-- Seed Locations
INSERT INTO Locations (Id, ImageURL)
VALUES
	('A1', '/map-a1.png'),
	('A2', '/map-a2.png'),
	('A3', '/map-a3.png'),
	('B1', '/map-b1.png'),
	('B2', '/map-b2.png'),
	('B3', '/map-b3.png'),
	('C1', '/map-c1.png'),
	('C2', '/map-c2.png'),
	('C3', '/map-c3.png');
GO

-- Seed Inventory Items
INSERT INTO InventoryItems (Description, Manufacturer, QuantityInStock, QuantityOnOrder, Price, LocationId)
VALUES
	('Tart - Lemon', 'Frito Lays', 17, 50, 3831, 'C1'),
	('Cheese - Cheddarsliced', 'Johnson & Johnson', 21, 39, 732, 'B1'),
	('Nescafe - Frothy French Vanilla', 'Nintendo Inc.', 10, 85, 1283, 'C3'),
	('Ginger - Crystalized', 'Johnson & Johnson', 36, 75, 2660, 'C1'),
	('Shrimp - 100 / 200 Cold Water', 'Tesla', 46, 46, 8037, 'C2'),
	('Kumquat', 'Sony', 43, 41, 8357, 'A1'),
	('Fudge - Cream Fudge', 'Johnson & Johnson', 37, 97, 5904, 'B3'),
	('Wine - Barossa Valley Estate', 'Frito Lays', 71, 56, 345, 'A3'),
	('Nacho Chips', 'Sony', 14, 72, 4116, 'B1'),
	('Ice Cream Bar - Rolo Cone', 'Sony', 14, 64, 8321, 'A2'),
	('Cheese - Wine', 'Johnson & Johnson', 47, 54, 8323, 'B2'),
	('Cheese - Marble', 'Nintendo Inc.', 5, 22, 1000, 'B2'),
	('Container - Clear 16 Oz', 'Tesla', 10, 48, 671, 'A1'),
	('Lamb - Rack', 'Coca Cola Co.', 100, 68, 5793, 'A3'),
	('Guava', 'Frito Lays', 49, 63, 1579, 'A3'),
	('Roe - Flying Fish', 'Tesla', 64, 19, 7176, 'B1'),
	('Mushrooms - Black, Dried', 'Coca Cola Co.', 96, 26, 9174, 'A2'),
	('Water - Spring 1.5lit', 'Tesla', 37, 75, 3156, 'C3'),
	('Grapes - Red', 'Mars Inc.', 70, 13, 3794, 'A3'),
	('Beef Striploin Aaa', 'Tesla', 44, 29, 1953, 'B2'),
	('Pastry - Carrot Muffin - Mini', 'Coca Cola Co.', 64, 77, 6919, 'C3'),
	('Arizona - Green Tea', 'Mars Inc.', 11, 36, 2291, 'A3'),
	('Wine - Gewurztraminer Pierre', 'Frito Lays', 99, 66, 2920, 'A1'),
	('Capon - Breast, Double, Wing On', 'Mars Inc.', 20, 90, 7322, 'A1'),
	('Water - Green Tea Refresher', 'Tesla', 55, 3, 9588, 'C3'),
	('Milk - Chocolate 250 Ml', 'Coca Cola Co.', 2, 62, 890, 'B2'),
	('Food Colouring - Green', 'Johnson & Johnson', 70, 29, 8847, 'B1'),
	('Lemonade - Strawberry, 591 Ml', 'Mars Inc.', 92, 43, 708, 'B3'),
	('Beef - Tenderlion, Center Cut', 'Mars Inc.', 67, 43, 4384, 'B3'),
	('Cognac - Courvaisier', 'Coca Cola Co.', 53, 53, 3350, 'B2'),
	('Tea - Green', 'Tesla', 45, 11, 6502, 'C2'),
	('Hog / Sausage Casing - Pork', 'Mars Inc.', 35, 72, 7552, 'C2'),
	('Syrup - Monin - Granny Smith', 'Johnson & Johnson', 41, 83, 3418, 'A3'),
	('Tea - Herbal Orange Spice', 'Frito Lays', 34, 6, 9030, 'C2'),
	('Chicken - Wieners', 'Frito Lays', 26, 70, 3652, 'C3'),
	('Oil - Safflower', 'Sony', 25, 28, 3791, 'C1'),
	('Seedlings - Buckwheat, Organic', 'Sony', 24, 45, 5045, 'B1'),
	('Chicken Breast Halal', 'Coca Cola Co.', 10, 35, 3929, 'C1'),
	('Poppy Seed', 'Tesla', 63, 39, 8161, 'A3'),
	('Ham - Virginia', 'Coca Cola Co.', 88, 15, 2752, 'C2'),
	('Split Peas - Yellow, Dry', 'Tesla', 89, 55, 4828, 'A2'),
	('Eggwhite Frozen', 'Frito Lays', 7, 86, 7275, 'C2'),
	('Southern Comfort', 'Frito Lays', 79, 65, 6766, 'A1'),
	('Pear - Prickly', 'Johnson & Johnson', 44, 6, 1170, 'C3'),
	('Bread Country Roll', 'Tesla', 92, 100, 2742, 'C2'),
	('Foam Tray S2', 'Nintendo Inc.', 49, 36, 1403, 'B1'),
	('Gelatine Powder', 'Tesla', 89, 75, 4241, 'A2'),
	('Mushroom - Porcini, Dry', 'Johnson & Johnson', 40, 95, 8250, 'C1'),
	('Appetizer - Mini Egg Roll, Shrimp', 'Mars Inc.', 14, 21, 8542, 'A3'),
	('Carbonated Water - Cherry', 'Sony', 51, 20, 6613, 'A2'),
	('Beef - Prime Rib Aaa', 'Frito Lays', 61, 28, 7357, 'B2'),
	('Wine - Spumante Bambino White', 'Frito Lays', 93, 42, 367, 'C2'),
	('Wine - White, Ej', 'Nintendo Inc.', 62, 27, 7835, 'B2'),
	('Pineapple - Golden', 'Mars Inc.', 61, 51, 6375, 'A3'),
	('Kale - Red', 'Coca Cola Co.', 20, 75, 4739, 'C1'),
	('Foil - 4oz Custard Cup', 'Frito Lays', 17, 54, 1853, 'A1'),
	('Soup - Campbells, Minestrone', 'Tesla', 51, 79, 502, 'B2'),
	('The Pop Shoppe - Black Cherry', 'Coca Cola Co.', 46, 25, 9609, 'B2'),
	('Ezy Change Mophandle', 'Tesla', 35, 93, 6375, 'A2'),
	('Lettuce - Frisee', 'Mars Inc.', 43, 62, 9616, 'A2'),
	('Oil - Sunflower', 'Nintendo Inc.', 89, 68, 1065, 'A1'),
	('Pasta - Cappellini, Dry', 'Johnson & Johnson', 29, 77, 1282, 'B2'),
	('Bread - Flat Bread', 'Johnson & Johnson', 54, 63, 3151, 'A1'),
	('Tomatoes - Vine Ripe, Red', 'Frito Lays', 14, 45, 600, 'B3'),
	('Pail - 15l White, With Handle', 'Mars Inc.', 47, 36, 5888, 'A3'),
	('Dc - Frozen Momji', 'Frito Lays', 61, 20, 6195, 'B3'),
	('Muffin Carrot - Individual', 'Tesla', 14, 53, 2126, 'C3'),
	('Nut - Peanut, Roasted', 'Frito Lays', 93, 10, 398, 'C2'),
	('Chocolate - Unsweetened', 'Johnson & Johnson', 43, 47, 7474, 'B2'),
	('Beer - Tetleys', 'Johnson & Johnson', 53, 80, 4172, 'A2'),
	('Cheese - Marble', 'Coca Cola Co.', 57, 58, 861, 'A1'),
	('Pepper - Chilli Seeds Mild', 'Mars Inc.', 89, 25, 9251, 'C2'),
	('Chocolate - Semi Sweet', 'Frito Lays', 88, 46, 8705, 'B3'),
	('Napkin - Cocktail,beige 2 - Ply', 'Nintendo Inc.', 33, 54, 6570, 'C1'),
	('Muffins - Assorted', 'Sony', 67, 66, 6447, 'B3'),
	('Pastry - Chocolate Marble Tea', 'Johnson & Johnson', 76, 18, 5175, 'A1'),
	('Cheese - Sheep Milk', 'Johnson & Johnson', 72, 94, 415, 'C2'),
	('Wine - Crozes Hermitage E.', 'Nintendo Inc.', 27, 2, 678, 'A3'),
	('Turnip - White, Organic', 'Mars Inc.', 59, 13, 5511, 'A3'),
	('Pork - Butt, Boneless', 'Sony', 74, 77, 8957, 'C3'),
	('Beans - Fava, Canned', 'Coca Cola Co.', 97, 54, 4016, 'B3'),
	('Lid - 16 Oz And 32 Oz', 'Coca Cola Co.', 73, 1, 7743, 'A2'),
	('Black Currants', 'Mars Inc.', 41, 18, 367, 'B2'),
	('Mushroom - Oyster, Fresh', 'Nintendo Inc.', 67, 100, 2026, 'A2'),
	('Mushroom - Morel Frozen', 'Coca Cola Co.', 7, 93, 9785, 'A2'),
	('Apron', 'Johnson & Johnson', 12, 93, 9998, 'B1'),
	('Peppercorns - Green', 'Nintendo Inc.', 73, 59, 2753, 'B3'),
	('Vinegar - White Wine', 'Johnson & Johnson', 7, 28, 8347, 'B3'),
	('Eggroll', 'Coca Cola Co.', 40, 18, 2741, 'A3'),
	('Tofu - Soft', 'Tesla', 26, 26, 2198, 'B2'),
	('Cleaner - Comet', 'Nintendo Inc.', 60, 34, 359, 'B3'),
	('Cherries - Frozen', 'Sony', 95, 39, 5964, 'B2'),
	('Wine - Two Oceans Cabernet', 'Sony', 48, 75, 2632, 'B2'),
	('Table Cloth 72x144 White', 'Nintendo Inc.', 10, 95, 8335, 'C2'),
	('Corn Syrup', 'Frito Lays', 2, 76, 9466, 'B2'),
	('Glass - Juice Clear 5oz 55005', 'Mars Inc.', 35, 58, 3365, 'B1'),
	('Soup - Campbells Chili', 'Mars Inc.', 95, 96, 7730, 'C2'),
	('Pears - Fiorelle', 'Sony', 6, 100, 1576, 'C2'),
	('Snapple - Iced Tea Peach', 'Coca Cola Co.', 88, 95, 2308, 'B3'),
	('Bandage - Flexible Neon', 'Coca Cola Co.', 69, 97, 5375, 'B1');
GO

-- Seed Suppliers
INSERT INTO Suppliers (Name)
VALUES
	('iShares Morningstar Mid-Cap ETF'),
	('Lumentum Holdings Inc.'),
	('Heron Therapeutics, Inc.  '),
	('Long Island Iced Tea Corp.'),
	('ContraVir Pharmaceuticals Inc'),
	('Legg Mason Low Volatility High Dividend ETF'),
	('TG Therapeutics, Inc.'),
	('KBS Fashion Group Limited'),
	('TAT Technologies Ltd.'),
	('NCR Corporation'),
	('Jacksonville Bancorp Inc.'),
	('Healthcare Trust of America, Inc.'),
	('Archrock Partners, L.P.'),
	('W.R. Berkley Corporation'),
	('Cal-Maine Foods, Inc.'),
	('TCF Financial Corporation'),
	('Utah Medical Products, Inc.'),
	('Floor & Decor Holdings, Inc.'),
	('First Trust Low Duration Opportunities ETF'),
	('Tetra Technologies, Inc.'),
	('Nuveen Georgia Quality Municipal Income Fund '),
	('Eiger BioPharmaceuticals, Inc.'),
	('Lumentum Holdings Inc.'),
	('JMP Group LLC'),
	('ObsEva SA'),
	('LSC Communications, Inc.'),
	('MFA Financial, Inc.'),
	('Gores Holdings II, Inc.'),
	('Prospect Capital Corporation'),
	('OvaScience Inc.'),
	('Moelis & Company'),
	('Enstar Group Limited'),
	('J P Morgan Chase & Co'),
	('Eastern Virginia Bankshares, Inc.'),
	('General Electric Company'),
	('Chimerix, Inc.'),
	('Roadrunner Transportation Systems, Inc'),
	('MVC Capital, Inc.'),
	('Bellicum Pharmaceuticals, Inc.'),
	('iShares S&P India Nifty 50 Index Fund'),
	('GW Pharmaceuticals Plc'),
	('Waterstone Financial, Inc.'),
	('iShares GNMA Bond ETF'),
	('Zions Bancorporation'),
	('Pebblebrook Hotel Trust'),
	('SunCoke Energy, Inc.'),
	('Paratek Pharmaceuticals, Inc. '),
	('Great Elm Capital Corp.'),
	('Park Hotels & Resorts Inc.'),
	('Gabelli Multi-Media Trust Inc. (The)'),
	('Pentair plc.'),
	('Voya Prime Rate Trust'),
	('American Eagle Outfitters, Inc.'),
	('Procter & Gamble Company (The)'),
	('J P Morgan Chase & Co'),
	('iShares MSCI USA ESG Optimized ETF'),
	('A.H. Belo Corporation'),
	('Cummins Inc.'),
	('First Merchants Corporation'),
	('PAREXEL International Corporation'),
	('InterDigital, Inc.'),
	('Splunk Inc.'),
	('PrimeEnergy Corporation'),
	('Pioneer Power Solutions, Inc.'),
	('Extraction Oil & Gas, Inc.'),
	('IRIDEX Corporation'),
	('Sonoco Products Company'),
	('Oxford Industries, Inc.'),
	('Haynes International, Inc.'),
	('MIDSTATES PETROLEUM COMPANY, INC.'),
	('Lands'' End, Inc.'),
	('InVivo Therapeutics Holdings Corp.'),
	('The KEYW Holding Corporation'),
	('Sprouts Farmers Market, Inc.'),
	('Aduro Biotech, Inc.'),
	('Trinseo S.A.'),
	('Pimco Global Stocksplus & Income Fund'),
	('Nuveen New York Quality Municipal Income Fund'),
	('MER Telemanagement Solutions Ltd.'),
	('Western Alliance Bancorporation'),
	('Arcos Dorados Holdings Inc.'),
	('PIMCO California Municipal Income Fund'),
	('North Atlantic Drilling Ltd.'),
	('Capitol Acquisition Corp. III'),
	('Masonite International Corporation'),
	('Qualstar Corporation'),
	('Niagara Mohawk Holdings, Inc.'),
	('Ormat Technologies, Inc.'),
	('Titan Pharmaceuticals, Inc.'),
	('The GDL Fund'),
	('Pacific Continental Corporation (Ore)'),
	('BeyondSpring, Inc.'),
	('Vectrus, Inc.'),
	('Alliance California Municipal Income Fund Inc'),
	('Electro-Sensors, Inc.'),
	('Western Asset/Claymore U.S Treasury Inflation Prot Secs Fd 2'),
	('Daily Journal Corp. (S.C.)'),
	('Dynegy Inc.'),
	('United States Cellular Corporation'),
	('TRC Companies, Inc.');
GO

-- Seed Orders
INSERT INTO Orders (SupplierId, OrderType, CreatedDate, Status, CompletedDate, CompletedById)
VALUES
	(32, 'Incoming', '2021-05-18 07:27:33', 'Open', '2021-09-21 01:37:20', 11),
	(42, 'Incoming', '2021-02-13 05:50:49', 'Completed', '2021-12-14 18:28:27', 26),
	(55, 'Incoming', '2021-06-21 03:44:10', 'Completed', '2021-07-10 20:26:11', 29),
	(9, 'Outgoing', '2021-07-07 23:40:52', 'Completed', '2022-03-02 07:50:19', 28),
	(90, 'Outgoing', '2021-12-01 17:12:43', 'Completed', '2022-03-18 06:01:38', 3),
	(93, 'Incoming', '2021-08-07 22:45:52', 'Open', '2022-03-07 03:59:39', 43),
	(33, 'Incoming', '2021-05-04 19:35:02', 'Completed', '2022-01-31 11:08:23', 45),
	(35, 'Incoming', '2021-07-27 21:36:08', 'Completed', '2021-02-27 13:23:34', 28),
	(3, 'Outgoing', '2021-12-05 16:49:02', 'Open', '2022-04-14 19:16:48', 22),
	(6, 'Incoming', '2021-03-21 22:34:50', 'Open', '2021-03-04 16:18:49', 35),
	(99, 'Outgoing', '2021-04-21 13:02:40', 'Completed', '2022-01-14 00:54:44', 40),
	(31, 'Outgoing', '2021-12-25 22:06:38', 'Completed', '2021-05-02 12:47:36', 3),
	(71, 'Outgoing', '2021-08-26 22:31:48', 'Completed', '2022-04-22 14:15:04', 39),
	(7, 'Incoming', '2022-03-17 22:04:45', 'Completed', '2022-03-14 16:11:38', 37),
	(4, 'Incoming', '2021-10-12 08:16:26', 'Completed', '2021-05-18 17:56:40', 18),
	(58, 'Incoming', '2021-07-04 02:42:56', 'Completed', '2021-08-15 01:47:21', 13),
	(65, 'Incoming', '2022-02-21 10:41:24', 'Open', '2021-07-13 01:58:49', 34),
	(99, 'Incoming', '2021-11-21 11:50:49', 'Open', '2021-04-03 19:17:26', 31),
	(8, 'Outgoing', '2022-03-13 11:36:07', 'Open', '2021-08-21 01:14:59', 30),
	(86, 'Outgoing', '2022-03-04 21:03:13', 'Open', '2021-10-06 02:52:34', 20),
	(5, 'Outgoing', '2021-10-06 20:02:58', 'Completed', '2021-08-24 05:44:26', 4),
	(27, 'Outgoing', '2021-02-22 08:58:37', 'Open', '2021-08-27 21:11:46', 3),
	(62, 'Outgoing', '2021-03-12 04:47:13', 'Open', '2021-04-25 01:13:11', 49),
	(21, 'Incoming', '2021-11-18 02:31:42', 'Completed', '2021-07-17 15:20:44', 34),
	(70, 'Outgoing', '2021-03-08 04:07:50', 'Completed', '2022-01-06 01:11:22', 4),
	(69, 'Outgoing', '2022-04-05 05:42:49', 'Open', '2021-09-26 14:22:06', 35),
	(58, 'Incoming', '2022-03-25 04:45:50', 'Completed', '2021-07-05 01:29:33', 4),
	(54, 'Outgoing', '2021-01-09 20:52:39', 'Open', '2021-01-15 10:34:59', 24),
	(31, 'Outgoing', '2021-06-19 23:21:46', 'Completed', '2021-10-25 23:06:45', 44),
	(50, 'Outgoing', '2021-03-01 23:19:11', 'Completed', '2021-04-09 19:11:20', 30),
	(29, 'Incoming', '2022-01-21 20:01:30', 'Completed', '2022-04-17 23:45:34', 38),
	(46, 'Incoming', '2021-09-07 06:24:14', 'Open', '2021-05-17 11:56:41', 24),
	(12, 'Incoming', '2021-02-20 21:35:54', 'Completed', '2021-11-26 23:31:40', 15),
	(45, 'Outgoing', '2021-04-02 17:23:16', 'Completed', '2021-12-21 10:46:58', 3),
	(9, 'Outgoing', '2021-11-15 15:13:54', 'Completed', '2021-09-06 15:13:11', 27),
	(30, 'Outgoing', '2021-07-14 15:00:48', 'Completed', '2021-09-20 21:03:48', 24),
	(74, 'Incoming', '2021-04-28 01:03:19', 'Open', '2022-04-22 15:05:18', 33),
	(23, 'Incoming', '2022-01-08 23:52:39', 'Open', '2021-01-19 13:40:21', 41),
	(9, 'Incoming', '2021-02-06 23:15:42', 'Completed', '2021-06-25 01:02:18', 35),
	(10, 'Outgoing', '2021-05-05 15:43:58', 'Open', '2022-04-09 18:17:11', 20),
	(46, 'Incoming', '2021-01-25 23:33:50', 'Completed', '2022-02-13 08:04:20', 12),
	(59, 'Incoming', '2022-03-11 20:35:18', 'Open', '2021-04-27 12:54:11', 36),
	(40, 'Outgoing', '2022-02-11 04:16:03', 'Completed', '2021-09-23 10:40:16', 32),
	(52, 'Incoming', '2021-03-09 16:38:10', 'Open', '2021-10-13 13:31:18', 20),
	(92, 'Incoming', '2022-02-15 23:15:47', 'Open', '2021-03-09 06:08:48', 42),
	(24, 'Incoming', '2021-01-12 23:48:01', 'Open', '2021-08-29 14:59:06', 19),
	(29, 'Incoming', '2021-11-29 03:49:05', 'Completed', '2021-02-04 07:43:46', 39),
	(52, 'Outgoing', '2021-07-23 10:11:58', 'Completed', '2021-06-10 02:30:00', 32),
	(46, 'Incoming', '2021-04-14 11:55:59', 'Open', '2021-03-20 23:32:47', 36),
	(39, 'Incoming', '2021-08-11 14:36:35', 'Open', '2021-08-06 02:20:57', 20),
	(2, 'Outgoing', '2021-09-10 09:03:40', 'Open', '2022-03-24 13:37:17', 31),
	(99, 'Incoming', '2021-11-20 07:13:04', 'Completed', '2022-02-11 13:37:10', 11),
	(60, 'Outgoing', '2021-02-03 02:32:02', 'Completed', '2022-04-01 01:55:57', 17),
	(52, 'Outgoing', '2022-03-08 17:19:08', 'Completed', '2021-07-13 00:25:28', 14),
	(45, 'Outgoing', '2021-12-26 17:24:01', 'Open', '2022-03-22 01:29:35', 16),
	(62, 'Outgoing', '2022-03-11 06:06:05', 'Open', '2022-01-16 21:12:09', 40),
	(19, 'Incoming', '2021-12-22 07:30:44', 'Open', '2021-08-13 15:17:51', 33),
	(6, 'Incoming', '2021-01-08 00:24:55', 'Completed', '2021-02-10 15:33:28', 19),
	(29, 'Incoming', '2022-03-30 09:50:33', 'Completed', '2021-10-26 07:24:22', 29),
	(74, 'Outgoing', '2021-01-27 12:36:26', 'Completed', '2021-06-27 20:37:46', 48),
	(32, 'Outgoing', '2021-12-17 11:05:15', 'Open', '2021-12-04 21:59:40', 38),
	(98, 'Incoming', '2021-07-29 03:07:13', 'Completed', '2021-11-16 22:09:53', 23),
	(55, 'Incoming', '2021-12-29 11:32:09', 'Open', '2021-06-20 01:22:32', 1),
	(70, 'Incoming', '2021-08-11 04:55:58', 'Open', '2021-05-08 02:18:26', 17),
	(35, 'Incoming', '2021-04-22 09:35:19', 'Completed', '2021-05-13 04:57:41', 42),
	(78, 'Incoming', '2022-01-07 14:26:26', 'Completed', '2021-07-04 20:43:49', 27),
	(73, 'Outgoing', '2021-07-19 20:06:48', 'Completed', '2022-04-23 23:13:06', 31),
	(76, 'Outgoing', '2022-03-15 22:27:38', 'Open', '2022-02-27 19:08:03', 26),
	(66, 'Outgoing', '2021-02-08 20:40:43', 'Completed', '2022-01-31 22:59:44', 45),
	(36, 'Outgoing', '2021-06-24 16:30:51', 'Completed', '2021-10-20 05:38:06', 28),
	(75, 'Outgoing', '2022-02-25 11:33:13', 'Completed', '2021-05-13 10:39:34', 17),
	(41, 'Incoming', '2022-02-05 15:26:43', 'Completed', '2022-03-13 18:38:40', 16),
	(83, 'Incoming', '2021-06-23 18:58:17', 'Open', '2021-08-31 20:33:45', 49),
	(29, 'Outgoing', '2021-12-08 15:02:55', 'Completed', '2022-02-15 21:56:19', 3),
	(8, 'Incoming', '2021-01-09 13:13:08', 'Completed', '2021-07-06 23:40:15', 30),
	(16, 'Incoming', '2021-03-06 01:21:35', 'Open', '2021-04-30 04:10:34', 28),
	(49, 'Outgoing', '2021-08-21 11:34:24', 'Open', '2021-11-22 11:34:53', 37),
	(7, 'Outgoing', '2021-10-05 01:59:35', 'Open', '2021-09-12 15:57:02', 4),
	(98, 'Incoming', '2021-05-28 02:39:00', 'Completed', '2021-01-04 20:21:06', 39),
	(21, 'Outgoing', '2022-03-31 00:35:28', 'Open', '2022-04-18 10:59:26', 36),
	(58, 'Incoming', '2021-08-26 22:09:32', 'Completed', '2021-08-03 08:49:33', 20),
	(49, 'Incoming', '2021-05-11 02:45:50', 'Open', '2022-04-06 20:46:15', 40),
	(97, 'Outgoing', '2022-02-26 15:02:16', 'Open', '2022-01-01 05:36:13', 34),
	(84, 'Outgoing', '2021-04-03 11:17:04', 'Completed', '2021-02-24 04:16:15', 35),
	(35, 'Outgoing', '2021-04-15 14:17:44', 'Open', '2021-11-16 14:32:17', 24),
	(83, 'Outgoing', '2021-07-26 14:05:38', 'Completed', '2022-02-11 12:43:56', 33),
	(45, 'Outgoing', '2022-03-16 20:18:41', 'Open', '2021-04-15 02:45:44', 49),
	(40, 'Incoming', '2022-04-21 12:18:45', 'Completed', '2021-05-10 20:35:50', 42),
	(5, 'Incoming', '2021-05-21 20:13:19', 'Open', '2021-03-19 18:40:41', 32),
	(69, 'Outgoing', '2021-11-13 15:00:21', 'Open', '2021-01-28 18:24:45', 13),
	(85, 'Incoming', '2021-05-06 03:52:46', 'Open', '2022-04-16 00:20:55', 33),
	(40, 'Outgoing', '2022-02-15 14:58:02', 'Open', '2022-01-19 05:22:34', 49),
	(47, 'Incoming', '2022-03-01 01:41:56', 'Open', '2021-12-05 22:02:22', 26),
	(46, 'Outgoing', '2021-09-19 21:16:36', 'Completed', '2022-01-27 12:58:34', 21),
	(98, 'Outgoing', '2021-03-31 09:06:35', 'Open', '2021-12-08 17:36:47', 19),
	(37, 'Outgoing', '2021-01-31 05:26:20', 'Completed', '2021-10-22 02:04:19', 28),
	(37, 'Outgoing', '2022-04-17 04:19:49', 'Open', '2021-09-30 08:06:44', 42),
	(85, 'Outgoing', '2022-01-28 14:31:45', 'Completed', '2021-07-29 09:06:52', 36),
	(23, 'Incoming', '2021-05-02 17:05:09', 'Completed', '2021-06-29 18:55:21', 43),
	(71, 'Incoming', '2021-10-06 23:53:28', 'Completed', '2022-03-25 05:07:58', 18);
GO

-- Seed Ordered Items
INSERT INTO OrderedItems (OrderId, InventoryItemId, Quantity)
VALUES
	(35, 62, 19),
	(96, 97, 2),
	(9, 53, 18),
	(96, 89, 19),
	(30, 21, 16),
	(78, 37, 9),
	(72, 98, 1),
	(24, 85, 6),
	(38, 56, 6),
	(78, 53, 15),
	(48, 75, 2),
	(88, 9, 22),
	(55, 83, 1),
	(93, 21, 9),
	(29, 31, 25),
	(75, 99, 1),
	(89, 74, 12),
	(89, 5, 10),
	(84, 4, 17),
	(66, 77, 2),
	(99, 94, 22),
	(94, 84, 24),
	(74, 79, 16),
	(74, 51, 5),
	(82, 53, 8),
	(52, 61, 9),
	(96, 50, 19),
	(21, 46, 6),
	(79, 42, 21),
	(40, 38, 21),
	(13, 98, 18),
	(34, 1, 20),
	(35, 6, 9),
	(48, 53, 20),
	(69, 40, 12),
	(17, 29, 4),
	(58, 50, 1),
	(100, 34, 22),
	(39, 78, 25),
	(79, 82, 14),
	(70, 85, 10),
	(6, 37, 21),
	(55, 96, 19),
	(12, 72, 5),
	(19, 12, 21),
	(43, 100, 22),
	(37, 13, 22),
	(15, 92, 5),
	(28, 84, 4),
	(38, 40, 14),
	(98, 53, 21),
	(23, 85, 11),
	(69, 29, 25),
	(85, 45, 25),
	(99, 50, 16),
	(55, 46, 1),
	(4, 90, 12),
	(55, 39, 16),
	(72, 56, 7),
	(22, 14, 4),
	(64, 87, 15),
	(84, 45, 9),
	(56, 87, 16),
	(40, 85, 16),
	(57, 1, 24),
	(89, 88, 18),
	(53, 24, 21),
	(95, 37, 20),
	(2, 71, 23),
	(39, 88, 2),
	(40, 45, 19),
	(58, 60, 2),
	(92, 41, 10),
	(33, 3, 5),
	(90, 34, 25),
	(25, 13, 23),
	(2, 73, 24),
	(81, 39, 2),
	(98, 79, 11),
	(45, 55, 22),
	(70, 49, 4),
	(21, 40, 21),
	(80, 71, 14),
	(78, 10, 20),
	(12, 87, 20),
	(53, 29, 20),
	(65, 89, 8),
	(33, 42, 6),
	(26, 99, 22),
	(60, 77, 25),
	(88, 41, 17),
	(37, 69, 10),
	(16, 69, 4),
	(31, 35, 7),
	(13, 77, 13),
	(34, 27, 3),
	(5, 80, 20),
	(24, 45, 25),
	(48, 41, 4),
	(41, 77, 3),
	(31, 25, 3),
	(89, 11, 22),
	(8, 27, 18),
	(49, 33, 18),
	(99, 35, 20),
	(39, 23, 14),
	(57, 32, 8),
	(53, 53, 9),
	(26, 46, 11),
	(67, 45, 2),
	(33, 34, 16),
	(97, 59, 15),
	(16, 87, 24),
	(61, 82, 1),
	(45, 87, 2),
	(94, 1, 8),
	(84, 4, 19),
	(50, 5, 6),
	(41, 34, 5),
	(42, 29, 16),
	(18, 84, 4),
	(63, 45, 16),
	(23, 47, 13),
	(69, 77, 16),
	(46, 23, 14),
	(28, 72, 8),
	(36, 81, 22),
	(45, 91, 19),
	(22, 52, 13),
	(45, 52, 4),
	(39, 33, 9),
	(12, 14, 13),
	(45, 23, 2),
	(78, 83, 1),
	(4, 29, 6),
	(68, 72, 9),
	(64, 28, 10),
	(34, 3, 2),
	(13, 74, 7),
	(70, 8, 14),
	(96, 17, 15),
	(40, 87, 21),
	(98, 40, 25),
	(1, 8, 12),
	(60, 45, 12),
	(60, 69, 17),
	(78, 61, 6),
	(30, 98, 12),
	(8, 34, 23),
	(41, 11, 16),
	(96, 33, 23),
	(94, 39, 18),
	(56, 2, 21),
	(78, 2, 7),
	(90, 79, 7),
	(12, 84, 1),
	(73, 83, 16),
	(44, 80, 14),
	(16, 64, 18),
	(69, 4, 9),
	(74, 66, 7),
	(99, 24, 17),
	(94, 11, 21),
	(20, 46, 11),
	(1, 80, 8),
	(89, 84, 11),
	(1, 90, 16),
	(46, 52, 3),
	(10, 83, 13),
	(34, 31, 14),
	(16, 16, 17),
	(62, 56, 10),
	(40, 34, 20),
	(35, 14, 1),
	(5, 91, 1),
	(86, 74, 19),
	(5, 50, 17),
	(41, 59, 5),
	(87, 88, 22),
	(88, 62, 23),
	(64, 57, 25),
	(70, 55, 16),
	(64, 93, 18),
	(19, 72, 6),
	(61, 51, 14),
	(93, 16, 9),
	(35, 61, 17),
	(3, 100, 23),
	(62, 87, 23),
	(57, 100, 20),
	(86, 75, 24),
	(37, 29, 1),
	(42, 96, 24),
	(35, 30, 16),
	(15, 98, 7),
	(56, 24, 18),
	(18, 92, 9),
	(99, 100, 19),
	(86, 22, 19),
	(97, 25, 23),
	(76, 36, 17),
	(24, 54, 14),
	(40, 7, 5),
	(36, 17, 21),
	(36, 31, 14),
	(44, 2, 18),
	(72, 86, 8),
	(65, 14, 6),
	(69, 82, 22),
	(28, 80, 5),
	(99, 58, 11),
	(72, 92, 23),
	(52, 66, 11),
	(40, 83, 22),
	(95, 95, 14),
	(80, 1, 20),
	(64, 87, 23),
	(22, 98, 4),
	(17, 74, 4),
	(99, 99, 16),
	(84, 80, 22),
	(81, 98, 21),
	(99, 98, 24),
	(19, 31, 4),
	(59, 37, 4),
	(40, 59, 16),
	(80, 60, 20),
	(5, 2, 4),
	(93, 39, 19),
	(100, 52, 23),
	(74, 83, 9),
	(20, 5, 13),
	(22, 21, 8),
	(10, 89, 11),
	(74, 35, 6),
	(40, 26, 16),
	(53, 25, 5),
	(30, 69, 5),
	(73, 57, 10),
	(85, 83, 21),
	(95, 96, 11),
	(20, 91, 14),
	(3, 51, 24),
	(84, 76, 4),
	(53, 39, 20),
	(30, 92, 10),
	(79, 78, 22),
	(81, 10, 2),
	(10, 44, 8),
	(43, 59, 18),
	(45, 33, 4),
	(87, 45, 22),
	(50, 63, 22),
	(77, 16, 8),
	(83, 39, 10),
	(42, 36, 11),
	(35, 3, 2),
	(74, 84, 10),
	(4, 5, 3),
	(79, 79, 24),
	(73, 32, 25),
	(21, 26, 16),
	(67, 23, 2),
	(86, 68, 10),
	(100, 58, 4),
	(9, 33, 13),
	(92, 90, 17),
	(86, 27, 13),
	(90, 26, 16),
	(91, 24, 6),
	(88, 56, 4),
	(1, 16, 7),
	(25, 74, 17),
	(47, 8, 22),
	(88, 100, 20),
	(70, 97, 23),
	(33, 61, 7),
	(93, 49, 2),
	(93, 45, 11),
	(30, 95, 9),
	(32, 50, 17),
	(8, 92, 11),
	(89, 95, 2),
	(12, 73, 22),
	(93, 82, 13),
	(43, 86, 9),
	(10, 45, 7),
	(77, 52, 23),
	(5, 31, 22),
	(92, 96, 17),
	(48, 76, 23),
	(83, 69, 21),
	(40, 31, 1),
	(93, 55, 16),
	(35, 96, 17),
	(74, 57, 4),
	(49, 31, 19),
	(69, 56, 19),
	(3, 86, 2),
	(18, 5, 16),
	(84, 62, 12),
	(75, 28, 20),
	(9, 90, 21),
	(12, 78, 7),
	(35, 5, 15),
	(6, 58, 6),
	(32, 98, 7),
	(23, 49, 15),
	(86, 29, 20),
	(92, 54, 5),
	(83, 49, 7),
	(93, 22, 1),
	(41, 55, 10),
	(50, 4, 18),
	(81, 100, 4),
	(48, 21, 14),
	(69, 43, 5),
	(93, 47, 20),
	(23, 38, 11),
	(78, 58, 20),
	(61, 68, 2),
	(25, 49, 6),
	(29, 15, 25),
	(65, 95, 14),
	(83, 67, 20),
	(73, 57, 19),
	(24, 48, 13),
	(81, 6, 6),
	(21, 6, 2),
	(40, 82, 20),
	(28, 68, 6),
	(34, 25, 5),
	(16, 48, 21),
	(2, 83, 12),
	(14, 23, 11),
	(15, 88, 10),
	(74, 35, 5),
	(24, 38, 19),
	(85, 54, 2),
	(7, 92, 24),
	(6, 19, 8),
	(29, 95, 6),
	(94, 71, 23),
	(45, 80, 18),
	(86, 81, 15),
	(73, 85, 17),
	(14, 21, 6),
	(9, 82, 17),
	(32, 51, 22),
	(69, 75, 17),
	(62, 17, 20),
	(74, 82, 11),
	(86, 20, 4),
	(92, 72, 16),
	(5, 48, 3),
	(33, 71, 15),
	(56, 9, 3),
	(41, 3, 5),
	(42, 32, 19),
	(57, 13, 23),
	(82, 7, 20),
	(8, 46, 19),
	(13, 14, 12),
	(86, 93, 15),
	(27, 68, 17),
	(73, 96, 13),
	(84, 84, 4),
	(29, 52, 9),
	(89, 71, 5),
	(84, 50, 14),
	(32, 77, 6),
	(82, 93, 6),
	(50, 66, 18),
	(82, 68, 14),
	(37, 7, 10),
	(77, 9, 2),
	(99, 44, 7),
	(27, 26, 9),
	(91, 30, 25),
	(70, 86, 8),
	(56, 18, 16),
	(18, 45, 21),
	(78, 46, 4),
	(5, 2, 1),
	(99, 57, 1),
	(41, 59, 5),
	(73, 65, 17),
	(56, 8, 16),
	(7, 69, 21),
	(11, 93, 24),
	(45, 17, 11),
	(91, 74, 22),
	(26, 46, 6),
	(75, 67, 4),
	(41, 84, 20),
	(57, 69, 20),
	(5, 73, 18),
	(73, 33, 25),
	(79, 34, 5),
	(52, 1, 11),
	(88, 37, 2),
	(1, 18, 22),
	(41, 25, 12),
	(1, 32, 15),
	(59, 19, 16),
	(13, 100, 11),
	(45, 65, 20),
	(84, 27, 9),
	(92, 88, 13),
	(24, 67, 17),
	(7, 70, 24),
	(71, 56, 17),
	(79, 64, 12),
	(95, 57, 24),
	(30, 66, 23),
	(57, 30, 3),
	(74, 61, 10),
	(29, 62, 5),
	(48, 58, 19),
	(84, 95, 18),
	(61, 53, 5),
	(23, 59, 3),
	(62, 90, 24),
	(27, 14, 13),
	(78, 87, 14),
	(17, 85, 24),
	(35, 10, 19),
	(28, 45, 25),
	(3, 69, 25),
	(69, 33, 5),
	(76, 99, 2),
	(72, 68, 20),
	(86, 22, 12),
	(46, 84, 25),
	(37, 71, 19),
	(6, 14, 4),
	(18, 58, 25),
	(84, 95, 3),
	(100, 98, 18),
	(6, 56, 14),
	(31, 46, 15),
	(6, 4, 6),
	(57, 88, 25),
	(96, 60, 7),
	(12, 38, 9),
	(67, 70, 5),
	(32, 29, 6),
	(12, 99, 4),
	(100, 10, 21),
	(7, 11, 20),
	(77, 85, 14),
	(10, 86, 17),
	(42, 100, 3),
	(11, 3, 1),
	(45, 62, 11),
	(15, 40, 9),
	(13, 63, 25),
	(25, 4, 9),
	(29, 54, 18),
	(96, 55, 16),
	(74, 95, 11),
	(89, 56, 4),
	(39, 79, 7),
	(86, 66, 6),
	(53, 19, 7),
	(57, 14, 10),
	(30, 48, 10),
	(43, 89, 24),
	(62, 38, 3),
	(36, 48, 24),
	(90, 27, 25),
	(94, 37, 24),
	(11, 74, 12),
	(86, 94, 25),
	(74, 90, 4),
	(43, 60, 4),
	(26, 17, 13),
	(73, 3, 25),
	(99, 41, 11),
	(56, 45, 3),
	(3, 78, 11),
	(45, 5, 18),
	(98, 13, 3),
	(40, 38, 14),
	(17, 86, 6),
	(39, 59, 1),
	(40, 70, 2),
	(24, 78, 12),
	(64, 43, 24),
	(11, 56, 5),
	(29, 1, 5),
	(72, 44, 12),
	(20, 2, 22),
	(99, 54, 4),
	(59, 3, 7),
	(35, 6, 21),
	(86, 42, 1),
	(70, 72, 14),
	(2, 50, 6),
	(68, 58, 19),
	(64, 81, 14),
	(57, 82, 3),
	(18, 91, 10),
	(21, 62, 23),
	(57, 91, 8),
	(58, 25, 19),
	(10, 72, 22),
	(90, 35, 20),
	(53, 79, 19),
	(97, 51, 17),
	(76, 62, 21),
	(41, 83, 23),
	(22, 19, 15),
	(6, 43, 21),
	(35, 78, 1),
	(31, 74, 15),
	(61, 92, 14),
	(92, 28, 18),
	(85, 78, 18),
	(86, 98, 16),
	(23, 4, 17),
	(76, 45, 4),
	(4, 22, 25),
	(77, 84, 13),
	(50, 42, 4),
	(79, 38, 2),
	(60, 65, 1),
	(57, 32, 17),
	(53, 21, 11),
	(44, 83, 25),
	(98, 36, 18),
	(83, 94, 16),
	(46, 10, 3),
	(29, 38, 7),
	(36, 4, 6),
	(62, 2, 13),
	(85, 79, 13),
	(89, 73, 21),
	(48, 76, 7),
	(87, 6, 21),
	(54, 86, 1),
	(83, 37, 13),
	(4, 25, 16),
	(48, 19, 1),
	(40, 74, 19),
	(25, 34, 24),
	(4, 51, 18),
	(74, 39, 3),
	(79, 45, 10),
	(39, 27, 11),
	(24, 24, 14),
	(60, 9, 11),
	(4, 48, 4),
	(88, 64, 21),
	(71, 41, 14),
	(12, 50, 7),
	(27, 78, 8),
	(53, 1, 7),
	(46, 100, 20),
	(10, 90, 4),
	(19, 85, 25),
	(80, 73, 22),
	(97, 47, 13),
	(60, 83, 19),
	(96, 1, 3),
	(17, 42, 8),
	(94, 86, 5),
	(1, 75, 22),
	(10, 76, 25),
	(39, 69, 20),
	(40, 37, 18),
	(12, 63, 24),
	(91, 25, 24),
	(51, 52, 1),
	(36, 9, 18),
	(68, 44, 17),
	(9, 78, 12),
	(29, 32, 3),
	(52, 82, 21),
	(31, 77, 2),
	(49, 31, 8),
	(23, 74, 2),
	(42, 33, 5),
	(32, 82, 19),
	(72, 78, 14),
	(29, 29, 1),
	(12, 68, 12),
	(31, 51, 22),
	(51, 97, 4),
	(14, 43, 2),
	(66, 39, 23),
	(16, 28, 15),
	(14, 90, 19),
	(70, 77, 15),
	(68, 78, 13),
	(56, 89, 1),
	(10, 72, 16),
	(1, 92, 7),
	(78, 10, 22),
	(71, 71, 12),
	(79, 20, 24),
	(78, 42, 16),
	(42, 88, 6),
	(60, 64, 19),
	(79, 86, 19),
	(7, 63, 10),
	(37, 68, 6),
	(70, 64, 9),
	(4, 96, 18),
	(60, 35, 1),
	(2, 68, 23),
	(42, 59, 11),
	(33, 42, 24),
	(32, 56, 10),
	(23, 64, 16),
	(29, 64, 8),
	(62, 37, 15),
	(90, 93, 4),
	(46, 2, 1),
	(39, 94, 12),
	(20, 26, 13),
	(56, 55, 23),
	(18, 45, 9),
	(10, 52, 16),
	(76, 48, 13),
	(73, 51, 24),
	(61, 56, 11),
	(39, 68, 5),
	(1, 31, 1),
	(7, 24, 12),
	(16, 86, 25),
	(35, 78, 14),
	(85, 64, 20),
	(59, 91, 2),
	(86, 6, 6),
	(10, 35, 14),
	(65, 61, 23),
	(58, 8, 5),
	(69, 54, 16),
	(15, 9, 14),
	(38, 55, 10),
	(87, 92, 18),
	(13, 17, 19),
	(82, 52, 11),
	(21, 27, 3),
	(95, 10, 24),
	(46, 22, 19),
	(13, 96, 14),
	(61, 60, 4),
	(28, 17, 7),
	(15, 19, 4),
	(69, 23, 8),
	(66, 29, 16),
	(97, 2, 8),
	(94, 79, 10),
	(49, 61, 3),
	(93, 1, 3),
	(54, 68, 15),
	(28, 21, 20),
	(70, 39, 6),
	(28, 86, 24),
	(26, 77, 19),
	(99, 96, 14),
	(7, 79, 11),
	(21, 60, 4),
	(3, 43, 14),
	(23, 45, 11),
	(15, 75, 12),
	(29, 30, 22),
	(9, 29, 11),
	(2, 56, 12),
	(66, 55, 9),
	(94, 74, 24),
	(27, 91, 10),
	(83, 79, 18),
	(59, 1, 24),
	(74, 52, 10),
	(69, 57, 10),
	(87, 10, 17),
	(53, 43, 5),
	(72, 96, 16),
	(11, 18, 1),
	(93, 18, 7),
	(45, 32, 23),
	(11, 76, 11),
	(14, 4, 15),
	(73, 16, 25),
	(65, 63, 1),
	(38, 36, 7),
	(40, 53, 25),
	(55, 47, 14),
	(23, 67, 9),
	(69, 17, 12),
	(57, 20, 5),
	(81, 42, 25),
	(46, 61, 10),
	(33, 49, 14),
	(46, 35, 18),
	(24, 17, 6),
	(23, 47, 25),
	(24, 5, 15),
	(41, 96, 3),
	(59, 21, 21),
	(52, 10, 2),
	(86, 28, 8),
	(46, 70, 23),
	(78, 34, 13),
	(48, 37, 15),
	(2, 29, 15),
	(87, 5, 25),
	(63, 68, 12),
	(52, 56, 5),
	(16, 70, 3),
	(67, 50, 3),
	(66, 24, 3),
	(18, 13, 2),
	(15, 50, 15),
	(15, 26, 19),
	(70, 15, 25),
	(72, 10, 22),
	(81, 19, 13),
	(40, 13, 4),
	(5, 96, 18),
	(55, 43, 6),
	(28, 84, 7),
	(4, 90, 9),
	(33, 51, 5),
	(38, 14, 11),
	(80, 39, 24),
	(40, 15, 17),
	(15, 69, 16),
	(87, 37, 25),
	(57, 46, 3),
	(62, 93, 7),
	(36, 50, 23),
	(61, 57, 2),
	(62, 14, 12),
	(83, 37, 19),
	(69, 43, 22),
	(86, 48, 7),
	(59, 63, 6),
	(74, 32, 25),
	(55, 86, 4),
	(6, 41, 11),
	(61, 81, 12),
	(85, 18, 11),
	(60, 64, 4),
	(21, 1, 12),
	(33, 59, 15),
	(60, 89, 20),
	(24, 39, 2),
	(26, 99, 1),
	(74, 47, 10),
	(6, 100, 10),
	(91, 71, 9),
	(83, 48, 15),
	(19, 2, 1),
	(82, 21, 4),
	(49, 98, 15),
	(6, 4, 15),
	(8, 9, 11),
	(58, 86, 22),
	(75, 18, 23),
	(89, 11, 6),
	(12, 63, 17),
	(93, 7, 25),
	(10, 96, 22),
	(83, 72, 16),
	(90, 81, 16),
	(33, 19, 6),
	(67, 53, 15),
	(84, 14, 20),
	(60, 26, 12),
	(49, 69, 7),
	(89, 70, 21),
	(45, 34, 10),
	(54, 76, 18),
	(35, 93, 24),
	(61, 22, 1),
	(6, 8, 21),
	(4, 1, 24),
	(68, 12, 24),
	(92, 16, 22),
	(54, 20, 13),
	(55, 5, 22),
	(4, 39, 6),
	(81, 72, 8),
	(34, 39, 9),
	(28, 1, 3),
	(58, 65, 19),
	(45, 14, 6),
	(78, 17, 2),
	(18, 93, 16),
	(47, 51, 16),
	(92, 98, 25),
	(71, 93, 20),
	(16, 58, 14),
	(67, 35, 17),
	(5, 39, 9),
	(24, 89, 10),
	(52, 80, 15),
	(34, 3, 14),
	(69, 24, 11),
	(40, 44, 5),
	(40, 9, 9),
	(30, 50, 24),
	(67, 66, 23),
	(21, 64, 7),
	(15, 52, 20),
	(28, 86, 12),
	(80, 59, 9),
	(12, 89, 23),
	(51, 41, 6),
	(81, 7, 13),
	(86, 53, 13),
	(26, 40, 1),
	(23, 8, 3),
	(78, 48, 4),
	(36, 20, 16),
	(78, 46, 25),
	(50, 74, 6),
	(21, 80, 14),
	(78, 84, 17),
	(67, 88, 20),
	(5, 83, 5),
	(6, 97, 11),
	(62, 35, 2),
	(12, 2, 18),
	(58, 47, 8),
	(95, 65, 1),
	(31, 34, 15),
	(23, 86, 22),
	(49, 67, 5),
	(8, 4, 2),
	(43, 76, 16),
	(39, 42, 5),
	(46, 19, 19),
	(94, 31, 24),
	(1, 63, 20),
	(67, 45, 20),
	(46, 77, 18),
	(72, 8, 3),
	(22, 33, 1),
	(10, 28, 20),
	(58, 26, 25),
	(97, 29, 24),
	(89, 80, 19),
	(91, 44, 6),
	(63, 15, 25),
	(12, 71, 13),
	(29, 74, 25),
	(94, 77, 18),
	(49, 5, 10),
	(53, 2, 10),
	(66, 41, 23),
	(16, 32, 8),
	(76, 42, 15),
	(99, 21, 6),
	(15, 98, 9),
	(30, 36, 9),
	(18, 98, 19),
	(71, 33, 13),
	(72, 16, 25),
	(57, 13, 13),
	(22, 61, 2),
	(56, 100, 24),
	(81, 37, 7),
	(53, 55, 17),
	(98, 12, 5),
	(57, 57, 15),
	(77, 67, 15),
	(57, 14, 2),
	(1, 54, 9),
	(14, 14, 8),
	(85, 92, 6),
	(95, 7, 5),
	(56, 19, 12),
	(96, 79, 16),
	(37, 50, 16),
	(70, 8, 21),
	(21, 43, 21),
	(13, 91, 13),
	(42, 19, 4),
	(10, 96, 10),
	(39, 37, 3),
	(55, 15, 15),
	(33, 60, 19),
	(26, 67, 21),
	(97, 57, 24),
	(77, 15, 21),
	(34, 77, 23),
	(58, 56, 19),
	(58, 98, 13),
	(80, 23, 12),
	(41, 100, 24),
	(43, 60, 5),
	(96, 65, 11),
	(35, 91, 22),
	(23, 35, 8),
	(17, 61, 16),
	(73, 83, 15),
	(83, 20, 17),
	(5, 79, 18),
	(4, 73, 23),
	(42, 97, 7),
	(90, 49, 15),
	(23, 2, 15),
	(65, 63, 17),
	(1, 70, 10),
	(37, 83, 17),
	(10, 78, 16),
	(38, 30, 21),
	(47, 61, 5),
	(31, 64, 7),
	(43, 63, 7),
	(80, 98, 23),
	(34, 6, 24),
	(4, 20, 17),
	(6, 78, 21),
	(68, 32, 16),
	(10, 41, 2),
	(98, 46, 20),
	(86, 10, 5),
	(91, 12, 1),
	(87, 65, 14),
	(31, 68, 6),
	(63, 38, 20),
	(31, 29, 5),
	(63, 76, 8),
	(57, 75, 2),
	(93, 31, 14),
	(89, 67, 19),
	(22, 82, 3),
	(99, 55, 3),
	(68, 100, 14),
	(97, 34, 4),
	(39, 90, 7),
	(23, 97, 21),
	(5, 27, 23),
	(17, 45, 3),
	(80, 14, 12),
	(9, 31, 8),
	(76, 46, 4),
	(62, 27, 25),
	(65, 93, 3),
	(56, 1, 24),
	(56, 87, 19),
	(46, 18, 12),
	(60, 26, 15),
	(45, 63, 13),
	(97, 96, 1),
	(19, 38, 12),
	(43, 99, 1),
	(57, 28, 7),
	(12, 96, 19),
	(30, 95, 18),
	(1, 79, 15),
	(74, 36, 23),
	(73, 9, 13),
	(56, 41, 11),
	(11, 17, 15),
	(7, 97, 19),
	(79, 79, 6),
	(61, 68, 9),
	(57, 96, 13),
	(68, 63, 24),
	(33, 59, 22),
	(37, 39, 4),
	(93, 56, 13),
	(60, 43, 19),
	(6, 49, 25),
	(2, 67, 19),
	(86, 13, 5),
	(7, 38, 10),
	(58, 67, 7),
	(70, 92, 15),
	(98, 70, 17),
	(98, 61, 2),
	(41, 97, 20),
	(67, 57, 15),
	(56, 94, 18),
	(43, 70, 19),
	(74, 57, 13),
	(19, 75, 7),
	(34, 16, 1),
	(99, 8, 21),
	(82, 30, 12),
	(76, 29, 2),
	(90, 26, 21),
	(37, 36, 1),
	(56, 22, 6),
	(77, 43, 5),
	(65, 14, 16),
	(87, 3, 8),
	(21, 15, 13),
	(20, 42, 14),
	(14, 4, 19),
	(49, 48, 25),
	(98, 31, 5),
	(62, 28, 16);
GO